205.110402,63.000000
207.272252,30.000000
209.433092,52.000000
211.592922,104.000000
213.751745,15.000000
215.909560,41.000000
218.066368,9.000000
220.222169,37.000000
222.376966,71.000000
224.530757,2.000000
226.683545,20.000000
228.835329,28.000000
230.986111,-4.000000
233.135891,11.000000
235.284670,58.000000
237.432448,4.000000
239.579227,13.000000
241.725006,24.000000
243.869787,-1.000000
246.013571,-16.000000
248.156358,29.000000
250.298148,-19.000000
252.438944,-21.000000
254.578744,81.000000
256.717550,36.000000
258.855363,77.000000
260.992183,-47.000000
263.128011,6.000000
265.262849,22.000000
267.396695,28.000000
269.529552,36.000000
271.661419,47.000000
273.792298,65.000000
275.922190,63.000000
278.051094,136.000000
280.179012,83.000000
282.305944,117.000000
284.431892,50.000000
286.556855,119.000000
288.680834,143.000000
290.803831,74.000000
292.925845,120.000000
295.046879,135.000000
297.166931,60.000000
299.286003,-27.000000
301.404096,147.000000
303.521210,101.000000
305.637346,58.000000
307.752505,85.000000
309.866687,137.000000
311.979893,150.000000
314.092124,54.000000
316.203381,62.000000
318.313664,136.000000
320.422973,131.000000
322.531310,111.000000
324.638675,82.000000
326.745069,93.000000
328.850492,42.000000
330.954946,112.000000
333.058431,62.000000
335.160947,191.000000
337.262496,125.000000
339.363077,81.000000
341.462692,129.000000
343.561342,110.000000
345.659026,152.000000
347.755747,92.000000
349.851503,69.000000
351.946297,161.000000
354.040128,126.000000
356.132998,91.000000
358.224907,119.000000
360.315855,128.000000
362.405844,117.000000
364.494874,106.000000
366.582946,151.000000
368.670061,100.000000
370.756218,198.000000
372.841419,78.000000
374.925665,137.000000
377.008956,40.000000
379.091292,84.000000
381.172675,82.000000
383.253105,161.000000
385.332583,70.000000
387.411110,79.000000
389.488685,158.000000
391.565310,139.000000
393.640986,39.000000
395.715713,76.000000
397.789492,122.000000
399.862323,176.000000
401.934207,34.000000
404.005145,152.000000
406.075138,117.000000
408.144186,149.000000
410.212289,138.000000
412.279449,86.000000
414.345666,65.000000
416.410940,61.000000
418.475273,25.000000
420.538665,117.000000
422.601117,108.000000
424.662629,154.000000
426.723202,92.000000
428.782837,151.000000
430.841535,158.000000
432.899295,145.000000
434.956119,49.000000
437.012007,135.000000
439.066960,201.000000
441.120978,108.000000
443.174063,134.000000
445.226215,120.000000
447.277435,224.000000
449.327722,146.000000
451.377079,61.000000
453.425505,163.000000
455.473001,155.000000
457.519567,174.000000
459.565206,120.000000
461.609916,159.000000
463.653699,156.000000
465.696556,164.000000
467.738486,156.000000
469.779491,80.000000
471.819572,113.000000
473.858728,102.000000
475.896961,125.000000
477.934271,115.000000
479.970659,156.000000
482.006126,172.000000
484.040672,104.000000
486.074297,64.000000
488.107003,104.000000
490.138790,151.000000
492.169659,69.000000
494.199610,17.000000
496.228644,127.000000
498.256761,106.000000
500.283963,93.000000
502.310250,85.000000
504.335622,93.000000
506.360080,80.000000
508.383626,80.000000
510.406258,88.000000
512.427979,106.000000
514.448788,117.000000
516.468687,48.000000
518.487675,114.000000
520.505754,78.000000
522.522924,135.000000
524.539186,34.000000
526.554541,111.000000
528.568988,85.000000
530.582530,111.000000
532.595165,48.000000
534.606896,145.000000
536.617722,-42.000000
538.627644,71.000000
540.636663,160.000000
542.644780,114.000000
544.651994,160.000000
546.658307,84.000000
548.663720,101.000000
550.668232,81.000000
552.671846,56.000000
554.674560,66.000000
556.676376,95.000000
558.677294,102.000000
560.677316,19.000000
562.676441,110.000000
564.674670,135.000000
566.672004,54.000000
568.668444,99.000000
570.663990,57.000000
572.658642,132.000000
574.652402,70.000000
576.645270,81.000000
578.637246,119.000000
580.628332,187.000000
582.618527,81.000000
584.607833,73.000000
586.596249,63.000000
588.583778,34.000000
590.570418,40.000000
592.556172,94.000000
594.541039,46.000000
596.525019,48.000000
598.508115,165.000000
600.490326,156.000000
602.471653,91.000000
604.452096,153.000000
606.431656,140.000000
608.410334,42.000000
610.388130,117.000000
612.365045,114.000000
614.341080,108.000000
616.316235,144.000000
618.290510,50.000000
620.263907,76.000000
622.236426,53.000000
624.208067,140.000000
626.178831,123.000000
628.148719,31.000000
630.117731,106.000000
632.085869,88.000000
634.053131,79.000000
636.019520,149.000000
637.985036,79.000000
639.949679,81.000000
641.913449,92.000000
643.876349,209.000000
645.838377,239.000000
647.799535,131.000000
649.759823,210.000000
651.719242,315.000000
653.677793,339.000000
655.635476,373.000000
657.592291,378.000000
659.548239,651.000000
661.503322,993.000000
663.457539,1678.000000
665.410890,2740.000000
667.363378,3840.000000
669.315001,4086.000000
671.265762,3304.000000
673.215659,1996.000000
675.164695,973.000000
677.112869,452.000000
679.060182,296.000000
681.006635,267.000000
682.952228,202.000000
684.896963,250.000000
686.840838,108.000000
688.783856,88.000000
690.726016,143.000000
692.667320,107.000000
694.607767,58.000000
696.547358,151.000000
698.486095,94.000000
700.423977,128.000000
702.361005,67.000000
704.297180,87.000000
706.232502,89.000000
708.166972,120.000000
710.100591,95.000000
712.033358,47.000000
713.965275,50.000000
715.896343,88.000000
717.826561,64.000000
719.755930,52.000000
721.684451,128.000000
723.612124,36.000000
725.538951,78.000000
727.464931,-7.000000
729.390066,18.000000
731.314355,51.000000
733.237799,66.000000
735.160400,109.000000
737.082156,52.000000
739.003070,114.000000
740.923142,7.000000
742.842371,84.000000
744.760760,100.000000
746.678307,95.000000
748.595015,161.000000
750.510883,137.000000
752.425912,47.000000
754.340103,11.000000
756.253455,97.000000
758.165971,103.000000
760.077650,57.000000
761.988492,64.000000
763.898499,72.000000
765.807671,38.000000
767.716009,72.000000
769.623512,130.000000
771.530183,26.000000
773.436020,82.000000
775.341025,69.000000
777.245199,142.000000
779.148541,30.000000
781.051053,97.000000
782.952735,108.000000
784.853588,36.000000
786.753611,63.000000
788.652807,128.000000
790.551174,73.000000
792.448715,92.000000
794.345428,97.000000
796.241316,82.000000
798.136378,49.000000
800.030616,84.000000
801.924028,80.000000
803.816617,63.000000
805.708383,113.000000
807.599326,99.000000
809.489446,121.000000
811.378745,82.000000
813.267223,92.000000
815.154880,67.000000
817.041718,76.000000
818.927736,77.000000
820.812935,74.000000
822.697315,63.000000
824.580878,74.000000
826.463624,92.000000
828.345553,35.000000
830.226665,26.000000
832.106962,117.000000
833.986444,46.000000
835.865112,127.000000
837.742965,97.000000
839.620006,49.000000
841.496233,106.000000
843.371648,156.000000
845.246251,151.000000
847.120042,49.000000
848.993024,4.000000
850.865194,22.000000
852.736556,85.000000
854.607108,139.000000
856.476852,85.000000
858.345787,80.000000
860.213915,25.000000
862.081237,47.000000
863.947752,84.000000
865.813461,66.000000
867.678364,107.000000
869.542463,77.000000
871.405758,97.000000
873.268249,128.000000
875.129937,166.000000
876.990822,110.000000
878.850905,65.000000
880.710186,61.000000
882.568667,55.000000
884.426347,81.000000
886.283227,62.000000
888.139307,94.000000
889.994589,80.000000
891.849072,59.000000
893.702758,60.000000
895.555646,29.000000
897.407737,112.000000
899.259032,95.000000
901.109532,13.000000
902.959236,51.000000
904.808146,93.000000
906.656261,63.000000
908.503583,65.000000
910.350112,-14.000000
912.195848,100.000000
914.040792,86.000000
915.884945,20.000000
917.728307,62.000000
919.570878,25.000000
921.412660,53.000000
923.253652,32.000000
925.093855,110.000000
926.933270,16.000000
928.771897,22.000000
930.609736,73.000000
932.446789,34.000000
934.283056,53.000000
936.118537,52.000000
937.953233,66.000000
939.787144,6.000000
941.620271,31.000000
943.452614,102.000000
945.284174,65.000000
947.114951,68.000000
948.944946,94.000000
950.774160,52.000000
952.602593,136.000000
954.430245,58.000000
956.257117,122.000000
958.083210,57.000000
959.908523,20.000000
961.733058,1.000000
963.556815,53.000000
965.379795,58.000000
967.201998,95.000000
969.023424,119.000000
970.844074,16.000000
972.663949,120.000000
974.483049,48.000000
976.301375,121.000000
978.118927,151.000000
979.935705,141.000000
981.751711,33.000000
983.566944,52.000000
985.381406,33.000000
987.195096,113.000000
989.008015,51.000000
990.820164,-12.000000
992.631543,8.000000
994.442153,69.000000
996.251994,120.000000
998.061067,59.000000
999.869372,55.000000
1001.676910,65.000000
1003.483681,56.000000
1005.289685,27.000000
1007.094924,47.000000
1008.899398,87.000000
1010.703107,81.000000
1012.506052,108.000000
1014.308233,96.000000
1016.109650,19.000000
1017.910305,44.000000
1019.710198,96.000000
1021.509329,-30.000000
1023.307699,58.000000
1025.105308,12.000000
1026.902157,97.000000
1028.698246,105.000000
1030.493576,90.000000
1032.288147,44.000000
1034.081960,31.000000
1035.875015,69.000000
1037.667313,-6.000000
1039.458854,98.000000
1041.249639,38.000000
1043.039668,78.000000
1044.828941,-46.000000
1046.617461,19.000000
1048.405225,87.000000
1050.192236,23.000000
1051.978494,97.000000
1053.763999,57.000000
1055.548751,59.000000
1057.332752,126.000000
1059.116002,128.000000
1060.898500,5.000000
1062.680249,61.000000
1064.461247,96.000000
1066.241496,80.000000
1068.020996,83.000000
1069.799748,99.000000
1071.577752,127.000000
1073.355009,41.000000
1075.131519,144.000000
1076.907282,81.000000
1078.682299,106.000000
1080.456571,71.000000
1082.230098,64.000000
1084.002880,160.000000
1085.774919,176.000000
1087.546214,78.000000
1089.316766,167.000000
1091.086575,142.000000
1092.855642,135.000000
1094.623968,112.000000
1096.391553,131.000000
1098.158397,138.000000
1099.924501,153.000000
1101.689865,205.000000
1103.454490,126.000000
1105.218377,165.000000
1106.981525,191.000000
1108.743936,171.000000
1110.505609,161.000000
1112.266546,91.000000
1114.026746,87.000000
1115.786211,129.000000
1117.544940,112.000000
1119.302935,30.000000
1121.060195,131.000000
1122.816721,101.000000
1124.572514,120.000000
1126.327574,57.000000
1128.081901,94.000000
1129.835496,152.000000
1131.588360,129.000000
1133.340493,92.000000
1135.091896,68.000000
1136.842568,115.000000
1138.592511,75.000000
1140.341724,17.000000
1142.090209,49.000000
1143.837966,113.000000
1145.584995,161.000000
1147.331297,57.000000
1149.076872,100.000000
1150.821721,93.000000
1152.565844,2.000000
1154.309241,87.000000
1156.051914,80.000000
1157.793862,113.000000
1159.535086,60.000000
1161.275587,43.000000
1163.015365,58.000000
1164.754420,-15.000000
1166.492754,50.000000
1168.230365,6.000000
1169.967256,31.000000
1171.703426,138.000000
1173.438875,116.000000
1175.173605,84.000000
1176.907616,41.000000
1178.640907,115.000000
1180.373481,23.000000
1182.105336,36.000000
1183.836475,10.000000
1185.566896,112.000000
1187.296601,58.000000
1189.025589,71.000000
1190.753862,71.000000
1192.481420,70.000000
1194.208264,194.000000
1195.934393,89.000000
1197.659808,70.000000
1199.384511,0.000000
1201.108500,106.000000
1202.831777,112.000000
1204.554342,74.000000
1206.276196,90.000000
1207.997339,75.000000
1209.717771,87.000000
1211.437493,84.000000
1213.156506,62.000000
1214.874809,62.000000
1216.592404,87.000000
1218.309291,77.000000
1220.025470,107.000000
1221.740941,55.000000
1223.455706,68.000000
1225.169764,48.000000
1226.883116,100.000000
1228.595763,63.000000
1230.307705,97.000000
1232.018942,101.000000
1233.729475,67.000000
1235.439305,38.000000
1237.148431,99.000000
1238.856854,91.000000
1240.564575,49.000000
1242.271595,27.000000
1243.977912,69.000000
1245.683529,73.000000
1247.388445,61.000000
1249.092662,71.000000
1250.796178,75.000000
1252.498996,22.000000
1254.201114,101.000000
1255.902535,124.000000
1257.603257,63.000000
1259.303282,38.000000
1261.002611,105.000000
1262.701242,109.000000
1264.399178,12.000000
1266.096418,108.000000
1267.792963,47.000000
1269.488813,69.000000
1271.183969,49.000000
1272.878431,81.000000
1274.572200,57.000000
1276.265276,12.000000
1277.957659,109.000000
1279.649351,72.000000
1281.340350,190.000000
1283.030659,143.000000
1284.720277,43.000000
1286.409204,115.000000
1288.097442,64.000000
1289.784990,51.000000
1291.471849,78.000000
1293.158020,33.000000
1294.843503,133.000000
1296.528298,152.000000
1298.212406,102.000000
1299.895827,132.000000
1301.578562,51.000000
1303.260611,47.000000
1304.941974,112.000000
1306.622653,113.000000
1308.302647,156.000000
1309.981957,133.000000
1311.660583,52.000000
1313.338526,117.000000
1315.015786,85.000000
1316.692363,82.000000
1318.368259,164.000000
1320.043473,111.000000
1321.718006,119.000000
1323.391858,93.000000
1325.065030,74.000000
1326.737523,96.000000
1328.409336,117.000000
1330.080470,107.000000
1331.750925,33.000000
1333.420703,94.000000
1335.089803,53.000000
1336.758225,50.000000
1338.425971,204.000000
1340.093041,185.000000
1341.759435,39.000000
1343.425153,157.000000
1345.090196,98.000000
1346.754564,148.000000
1348.418259,59.000000
1350.081279,171.000000
1351.743626,93.000000
1353.405301,99.000000
1355.066303,131.000000
1356.726632,145.000000
1358.386290,119.000000
1360.045277,128.000000
1361.703593,118.000000
1363.361239,145.000000
1365.018215,117.000000
1366.674521,75.000000
1368.330159,91.000000
1369.985127,101.000000
1371.639428,143.000000
1373.293060,153.000000
1374.946026,101.000000
1376.598324,185.000000
1378.249955,45.000000
1379.900921,140.000000
1381.551221,112.000000
1383.200855,162.000000
1384.849825,117.000000
1386.498130,34.000000
1388.145772,109.000000
1389.792749,124.000000
1391.439064,107.000000
1393.084716,96.000000
1394.729705,134.000000
1396.374033,150.000000
1398.017699,89.000000
1399.660703,69.000000
1401.303048,137.000000
1402.944732,112.000000
1404.585756,164.000000
1406.226121,36.000000
1407.865826,138.000000
1409.504873,218.000000
1411.143262,66.000000
1412.780994,83.000000
1414.418068,111.000000
1416.054484,39.000000
1417.690245,168.000000
1419.325349,185.000000
1420.959798,147.000000
1422.593591,133.000000
1424.226730,137.000000
1425.859214,124.000000
1427.491044,76.000000
1429.122221,100.000000
1430.752744,162.000000
1432.382614,164.000000
1434.011832,162.000000
1435.640398,67.000000
1437.268313,96.000000
1438.895576,136.000000
1440.522189,138.000000
1442.148151,126.000000
1443.773464,79.000000
1445.398126,228.000000
1447.022140,158.000000
1448.645505,111.000000
1450.268222,136.000000
1451.890291,41.000000
1453.511712,92.000000
1455.132486,123.000000
1456.752614,112.000000
1458.372095,110.000000
1459.990931,102.000000
1461.609121,132.000000
1463.226666,125.000000
1464.843566,112.000000
1466.459822,138.000000
1468.075434,85.000000
1469.690403,210.000000
1471.304729,144.000000
1472.918412,99.000000
1474.531453,106.000000
1476.143852,96.000000
1477.755610,88.000000
1479.366727,125.000000
1480.977203,95.000000
1482.587039,208.000000
1484.196235,126.000000
1485.804792,174.000000
1487.412709,165.000000
1489.019988,113.000000
1490.626629,137.000000
1492.232632,105.000000
1493.837998,115.000000
1495.442726,158.000000
1497.046818,149.000000
1498.650274,75.000000
1500.253094,199.000000
1501.855278,154.000000
1503.456828,103.000000
1505.057743,99.000000
1506.658023,129.000000
1508.257670,24.000000
1509.856683,258.000000
1511.455064,198.000000
1513.052811,225.000000
1514.649927,198.000000
1516.246410,186.000000
1517.842262,225.000000
1519.437483,157.000000
1521.032074,114.000000
1522.626034,163.000000
1524.219364,175.000000
1525.812064,145.000000
1527.404136,137.000000
1528.995579,190.000000
1530.586393,158.000000
1532.176580,185.000000
1533.766139,174.000000
1535.355070,107.000000
1536.943375,89.000000
1538.531054,148.000000
1540.118107,134.000000
1541.704534,219.000000
1543.290336,182.000000
1544.875513,134.000000
1546.460066,140.000000
1548.043994,144.000000
1549.627299,159.000000
1551.209981,94.000000
1552.792040,130.000000
1554.373476,265.000000
1555.954290,140.000000
1557.534483,185.000000
1559.114054,109.000000
1560.693004,170.000000
1562.271334,143.000000
1563.849044,79.000000
1565.426134,122.000000
1567.002604,155.000000
1568.578455,207.000000
1570.153688,154.000000
1571.728302,188.000000
1573.302299,203.000000
1574.875678,214.000000
1576.448440,160.000000
1578.020585,194.000000
1579.592114,126.000000
1581.163027,132.000000
1582.733325,90.000000
1584.303007,164.000000
1585.872075,165.000000
1587.440528,242.000000
1589.008367,207.000000
1590.575592,178.000000
1592.142204,91.000000
1593.708203,166.000000
1595.273590,189.000000
1596.838364,172.000000
1598.402527,149.000000
1599.966078,81.000000
1601.529018,134.000000
1603.091348,127.000000
1604.653067,187.000000
1606.214177,130.000000
1607.774676,196.000000
1609.334567,193.000000
1610.893849,168.000000
1612.452523,209.000000
1614.010589,195.000000
1615.568047,143.000000
1617.124898,194.000000
1618.681142,161.000000
1620.236779,147.000000
1621.791810,237.000000
1623.346236,103.000000
1624.900056,205.000000
1626.453271,237.000000
1628.005882,190.000000
1629.557888,209.000000
1631.109291,199.000000
1632.660090,110.000000
1634.210285,110.000000
1635.759878,194.000000
1637.308869,155.000000
1638.857257,227.000000
1640.405044,174.000000
1641.952230,140.000000
1643.498815,267.000000
1645.044799,209.000000
1646.590183,231.000000
1648.134967,225.000000
1649.679151,205.000000
1651.222737,168.000000
1652.765724,159.000000
1654.308113,96.000000
1655.849903,189.000000
1657.391096,187.000000
1658.931692,191.000000
1660.471691,244.000000
1662.011094,140.000000
1663.549900,227.000000
1665.088110,200.000000
1666.625726,179.000000
1668.162746,177.000000
1669.699171,166.000000
1671.235002,133.000000
1672.770239,189.000000
1674.304883,142.000000
1675.838933,234.000000
1677.372391,169.000000
1678.905256,190.000000
1680.437529,224.000000
1681.969210,189.000000
1683.500300,246.000000
1685.030799,181.000000
1686.560707,256.000000
1688.090025,182.000000
1689.618753,93.000000
1691.146891,262.000000
1692.674440,184.000000
1694.201400,237.000000
1695.727772,208.000000
1697.253556,237.000000
1698.778751,232.000000
1700.303360,233.000000
1701.827381,204.000000
1703.350816,214.000000
1704.873664,273.000000
1706.395926,336.000000
1707.917603,199.000000
1709.438694,260.000000
1710.959201,206.000000
1712.479123,266.000000
1713.998460,224.000000
1715.517214,187.000000
1717.035385,284.000000
1718.552972,253.000000
1720.069976,244.000000
1721.586398,185.000000
1723.102239,114.000000
1724.617497,152.000000
1726.132174,259.000000
1727.646270,218.000000
1729.159785,266.000000
1730.672720,202.000000
1732.185075,302.000000
1733.696851,200.000000
1735.208047,263.000000
1736.718665,218.000000
1738.228704,178.000000
1739.738164,267.000000
1741.247047,198.000000
1742.755353,295.000000
1744.263081,204.000000
1745.770233,214.000000
1747.276808,245.000000
1748.782807,333.000000
1750.288231,193.000000
1751.793079,243.000000
1753.297352,335.000000
1754.801051,282.000000
1756.304175,233.000000
1757.806725,279.000000
1759.308702,219.000000
1760.810105,232.000000
1762.310935,226.000000
1763.811193,272.000000
1765.310879,211.000000
1766.809993,291.000000
1768.308535,244.000000
1769.806506,295.000000
1771.303906,278.000000
1772.800736,245.000000
1774.296996,173.000000
1775.792686,256.000000
1777.287806,243.000000
1778.782358,255.000000
1780.276340,259.000000
1781.769754,282.000000
1783.262601,172.000000
1784.754879,283.000000
1786.246590,290.000000
1787.737734,259.000000
1789.228312,388.000000
1790.718323,290.000000
1792.207768,276.000000
1793.696647,270.000000
1795.184961,225.000000
1796.672710,311.000000
1798.159895,282.000000
1799.646515,245.000000
1801.132571,254.000000
1802.618064,337.000000
1804.102994,357.000000
1805.587360,316.000000
1807.071164,335.000000
1808.554406,302.000000
1810.037086,262.000000
1811.519204,330.000000
1813.000761,287.000000
1814.481757,304.000000
1815.962193,336.000000
1817.442068,338.000000
1818.921384,218.000000
1820.400140,343.000000
1821.878337,368.000000
1823.355975,329.000000
1824.833054,285.000000
1826.309575,221.000000
1827.785539,310.000000
1829.260945,400.000000
1830.735794,323.000000
1832.210086,281.000000
1833.683821,387.000000
1835.157001,317.000000
1836.629624,274.000000
1838.101692,292.000000
1839.573205,357.000000
1841.044164,314.000000
1842.514567,387.000000
1843.984417,256.000000
1845.453712,323.000000
1846.922455,378.000000
1848.390644,337.000000
1849.858280,249.000000
1851.325364,352.000000
1852.791896,450.000000
1854.257875,350.000000
1855.723304,353.000000
1857.188181,336.000000
1858.652507,404.000000
1860.116283,382.000000
1861.579509,352.000000
1863.042185,439.000000
1864.504312,334.000000
1865.965889,409.000000
1867.426917,293.000000
1868.887397,352.000000
1870.347329,326.000000
1871.806713,338.000000
1873.265550,396.000000
1874.723839,287.000000
1876.181581,364.000000
1877.638777,324.000000
1879.095427,387.000000
1880.551531,290.000000
1882.007089,320.000000
1883.462102,355.000000
1884.916570,345.000000
1886.370494,363.000000
1887.823874,311.000000
1889.276709,356.000000
1890.729001,356.000000
1892.180750,350.000000
1893.631955,408.000000
1895.082619,330.000000
1896.532739,394.000000
1897.982318,475.000000
1899.431356,381.000000
1900.879852,408.000000
1902.327807,393.000000
1903.775221,522.000000
1905.222095,377.000000
1906.668429,344.000000
1908.114223,345.000000
1909.559478,389.000000
1911.004194,412.000000
1912.448371,358.000000
1913.892010,308.000000
1915.335111,456.000000
1916.777674,350.000000
1918.219700,422.000000
1919.661188,317.000000
1921.102140,364.000000
1922.542555,354.000000
1923.982434,334.000000
1925.421777,374.000000
1926.860585,386.000000
1928.298858,427.000000
1929.736595,436.000000
1931.173799,418.000000
1932.610468,488.000000
1934.046603,416.000000
1935.482204,408.000000
1936.917272,332.000000
1938.351807,379.000000
1939.785810,347.000000
1941.219280,383.000000
1942.652219,465.000000
1944.084625,533.000000
1945.516501,370.000000
1946.947845,419.000000
1948.378658,383.000000
1949.808941,418.000000
1951.238694,324.000000
1952.667917,454.000000
1954.096611,365.000000
1955.524776,393.000000
1956.952412,454.000000
1958.379519,473.000000
1959.806098,414.000000
1961.232149,433.000000
1962.657672,503.000000
1964.082669,436.000000
1965.507138,422.000000
1966.931081,420.000000
1968.354497,384.000000
1969.777388,489.000000
1971.199752,476.000000
1972.621592,410.000000
1974.042906,439.000000
1975.463695,441.000000
1976.883960,450.000000
1978.303701,447.000000
1979.722918,464.000000
1981.141612,501.000000
1982.559782,436.000000
1983.977430,410.000000
1985.394555,467.000000
1986.811157,467.000000
1988.227238,549.000000
1989.642797,518.000000
1991.057835,524.000000
1992.472351,636.000000
1993.886347,460.000000
1995.299823,564.000000
1996.712778,559.000000
1998.125214,527.000000
1999.537130,505.000000
2000.948527,520.000000
2002.359405,534.000000
2003.769765,560.000000
2005.179606,515.000000
2006.588929,465.000000
2007.997735,543.000000
2009.406023,571.000000
2010.813795,496.000000
2012.221049,453.000000
2013.627787,583.000000
2015.034010,454.000000
2016.439716,444.000000
2017.844907,552.000000
2019.249582,450.000000
2020.653743,436.000000
2022.057389,522.000000
2023.460521,445.000000
2024.863139,554.000000
2026.265243,549.000000
2027.666834,549.000000
2029.067911,520.000000
2030.468476,682.000000
2031.868529,515.000000
2033.268069,468.000000
2034.667098,502.000000
2036.065615,586.000000
2037.463620,522.000000
2038.861115,578.000000
2040.258099,458.000000
2041.654573,554.000000
2043.050537,539.000000
2044.445991,503.000000
2045.840935,553.000000
2047.235371,552.000000
2048.629297,579.000000
2050.022715,566.000000
2051.415625,558.000000
2052.808027,572.000000
2054.199921,588.000000
2055.591308,507.000000
2056.982188,576.000000
2058.372561,571.000000
2059.762427,586.000000
2061.151788,580.000000
2062.540642,543.000000
2063.928991,643.000000
2065.316835,481.000000
2066.704174,621.000000
2068.091008,644.000000
2069.477338,614.000000
2070.863164,555.000000
2072.248486,645.000000
2073.633304,572.000000
2075.017620,633.000000
2076.401432,647.000000
2077.784742,587.000000
2079.167550,660.000000
2080.549855,597.000000
2081.931659,640.000000
2083.312962,536.000000
2084.693763,672.000000
2086.074064,643.000000
2087.453864,598.000000
2088.833164,711.000000
2090.211964,662.000000
2091.590264,625.000000
2092.968065,623.000000
2094.345367,544.000000
2095.722170,668.000000
2097.098474,656.000000
2098.474281,610.000000
2099.849590,643.000000
2101.224401,675.000000
2102.598714,705.000000
2103.972531,621.000000
2105.345851,627.000000
2106.718675,615.000000
2108.091002,696.000000
2109.462834,639.000000
2110.834170,667.000000
2112.205010,747.000000
2113.575356,639.000000
2114.945207,651.000000
2116.314564,711.000000
2117.683427,642.000000
2119.051796,592.000000
2120.419671,636.000000
2121.787053,701.000000
2123.153942,705.000000
2124.520339,650.000000
2125.886243,698.000000
2127.251655,667.000000
2128.616575,658.000000
2129.981004,689.000000
2131.344941,777.000000
2132.708388,729.000000
2134.071344,751.000000
2135.433809,691.000000
2136.795785,744.000000
2138.157271,725.000000
2139.518267,750.000000
2140.878774,639.000000
2142.238792,674.000000
2143.598322,653.000000
2144.957363,725.000000
2146.315916,772.000000
2147.673981,710.000000
2149.031559,709.000000
2150.388649,763.000000
2151.745253,764.000000
2153.101370,715.000000
2154.457001,729.000000
2155.812145,695.000000
2157.166804,737.000000
2158.520977,686.000000
2159.874665,803.000000
2161.227868,807.000000
2162.580587,823.000000
2163.932821,726.000000
2165.284571,741.000000
2166.635837,831.000000
2167.986619,764.000000
2169.336919,731.000000
2170.686735,730.000000
2172.036069,740.000000
2173.384920,882.000000
2174.733289,751.000000
2176.081176,836.000000
2177.428582,829.000000
2178.775506,762.000000
2180.121950,736.000000
2181.467912,826.000000
2182.813395,794.000000
2184.158397,817.000000
2185.502919,795.000000
2186.846962,853.000000
2188.190525,882.000000
2189.533609,830.000000
2190.876214,884.000000
2192.218341,841.000000
2193.559990,815.000000
2194.901161,861.000000
2196.241854,923.000000
2197.582070,830.000000
2198.921808,781.000000
2200.261070,789.000000
2201.599855,834.000000
2202.938164,803.000000
2204.275997,864.000000
2205.613354,826.000000
2206.950236,827.000000
2208.286643,812.000000
2209.622575,893.000000
2210.958032,779.000000
2212.293014,824.000000
2213.627523,798.000000
2214.961558,922.000000
2216.295119,919.000000
2217.628207,802.000000
2218.960823,852.000000
2220.292965,885.000000
2221.624635,900.000000
2222.955833,875.000000
2224.286559,835.000000
2225.616813,834.000000
2226.946596,907.000000
2228.275908,860.000000
2229.604749,838.000000
2230.933120,888.000000
2232.261021,845.000000
2233.588451,932.000000
2234.915412,982.000000
2236.241903,836.000000
2237.567925,942.000000
2238.893479,964.000000
2240.218563,938.000000
2241.543180,967.000000
2242.867328,821.000000
2244.191009,894.000000
2245.514222,987.000000
2246.836967,999.000000
2248.159246,899.000000
2249.481058,924.000000
2250.802404,965.000000
2252.123283,1066.000000
2253.443696,959.000000
2254.763644,963.000000
2256.083127,930.000000
2257.402144,1016.000000
2258.720696,1015.000000
2260.038784,1008.000000
2261.356408,932.000000
2262.673568,1116.000000
2263.990263,831.000000
2265.306496,1038.000000
2266.622265,1064.000000
2267.937571,1068.000000
2269.252414,941.000000
2270.566795,992.000000
2271.880714,999.000000
2273.194171,1019.000000
2274.507167,1034.000000
2275.819701,951.000000
2277.131773,1027.000000
2278.443385,1071.000000
2279.754537,1093.000000
2281.065228,1027.000000
2282.375459,974.000000
2283.685230,1034.000000
2284.994542,1123.000000
2286.303395,955.000000
2287.611789,981.000000
2288.919723,1106.000000
2290.227200,1103.000000
2291.534218,1066.000000
2292.840778,1137.000000
2294.146881,868.000000
2295.452526,1075.000000
2296.757714,1116.000000
2298.062446,1056.000000
2299.366720,1144.000000
2300.670539,1100.000000
2301.973901,1176.000000
2303.276807,1142.000000
2304.579258,1097.000000
2305.881254,1118.000000
2307.182794,1126.000000
2308.483880,1029.000000
2309.784511,1123.000000
2311.084688,1103.000000
2312.384411,1081.000000
2313.683680,965.000000
2314.982496,1145.000000
2316.280858,1160.000000
2317.578768,1189.000000
2318.876225,1213.000000
2320.173229,1156.000000
2321.469781,1056.000000
2322.765882,1184.000000
2324.061530,1169.000000
2325.356727,1219.000000
2326.651474,1130.000000
2327.945769,1137.000000
2329.239613,1147.000000
2330.533008,1185.000000
2331.825952,1239.000000
2333.118446,1184.000000
2334.410491,1258.000000
2335.702086,1281.000000
2336.993233,1141.000000
2338.283930,1165.000000
2339.574179,1148.000000
2340.863979,1170.000000
2342.153332,1271.000000
2343.442237,1119.000000
2344.730694,1167.000000
2346.018704,1223.000000
2347.306267,1216.000000
2348.593383,1097.000000
2349.880053,1287.000000
2351.166276,1195.000000
2352.452053,1258.000000
2353.737385,1334.000000
2355.022271,1189.000000
2356.306712,1234.000000
2357.590708,1172.000000
2358.874259,1237.000000
2360.157365,1329.000000
2361.440028,1320.000000
2362.722246,1335.000000
2364.004021,1305.000000
2365.285352,1311.000000
2366.566240,1406.000000
2367.846686,1254.000000
2369.126688,1326.000000
2370.406248,1261.000000
2371.685366,1221.000000
2372.964041,1334.000000
2374.242275,1345.000000
2375.520068,1321.000000
2376.797420,1352.000000
2378.074330,1267.000000
2379.350800,1299.000000
2380.626829,1288.000000
2381.902418,1314.000000
2383.177568,1330.000000
2384.452277,1406.000000
2385.726547,1351.000000
2387.000378,1341.000000
2388.273770,1278.000000
2389.546724,1282.000000
2390.819238,1182.000000
2392.091315,1362.000000
2393.362954,1308.000000
2394.634155,1436.000000
2395.904918,1353.000000
2397.175245,1275.000000
2398.445134,1421.000000
2399.714587,1367.000000
2400.983603,1390.000000
2402.252184,1505.000000
2403.520328,1379.000000
2404.788036,1380.000000
2406.055309,1401.000000
2407.322147,1354.000000
2408.588550,1322.000000
2409.854518,1433.000000
2411.120052,1422.000000
2412.385151,1382.000000
2413.649816,1382.000000
2414.914048,1424.000000
2416.177846,1344.000000
2417.441212,1435.000000
2418.704144,1276.000000
2419.966643,1448.000000
2421.228710,1343.000000
2422.490344,1375.000000
2423.751547,1402.000000
2425.012317,1386.000000
2426.272657,1376.000000
2427.532565,1480.000000
2428.792042,1421.000000
2430.051088,1516.000000
2431.309703,1451.000000
2432.567889,1423.000000
2433.825644,1435.000000
2435.082969,1465.000000
2436.339865,1494.000000
2437.596332,1372.000000
2438.852369,1516.000000
2440.107978,1484.000000
2441.363158,1529.000000
2442.617910,1590.000000
2443.872233,1473.000000
2445.126129,1485.000000
2446.379597,1546.000000
2447.632638,1605.000000
2448.885252,1618.000000
2450.137438,1541.000000
2451.389198,1543.000000
2452.640532,1589.000000
2453.891439,1538.000000
2455.141921,1585.000000
2456.391977,1553.000000
2457.641607,1620.000000
2458.890812,1668.000000
2460.139593,1651.000000
2461.387948,1655.000000
2462.635879,1657.000000
2463.883386,1606.000000
2465.130468,1611.000000
2466.377127,1578.000000
2467.623363,1686.000000
2468.869175,1600.000000
2470.114564,1634.000000
2471.359530,1646.000000
2472.604074,1635.000000
2473.848195,1649.000000
2475.091894,1658.000000
2476.335172,1639.000000
2477.578027,1689.000000
2478.820462,1600.000000
2480.062475,1597.000000
2481.304067,1668.000000
2482.545239,1661.000000
2483.785990,1689.000000
2485.026321,1586.000000
2486.266232,1634.000000
2487.505723,1668.000000
2488.744795,1530.000000
2489.983448,1761.000000
2491.221681,1604.000000
2492.459496,1514.000000
2493.696892,1714.000000
2494.933870,1731.000000
2496.170430,1737.000000
2497.406572,1691.000000
2498.642296,1794.000000
2499.877603,1687.000000
2501.112493,1777.000000
2502.346966,1650.000000
2503.581022,1785.000000
2504.814662,1732.000000
2506.047886,1766.000000
2507.280693,1667.000000
2508.513085,1834.000000
2509.745062,1724.000000
2510.976623,1715.000000
2512.207769,1737.000000
2513.438501,1726.000000
2514.668818,1625.000000
2515.898720,1666.000000
2517.128208,1652.000000
2518.357283,1625.000000
2519.585944,1695.000000
2520.814191,1660.000000
2522.042026,1705.000000
2523.269447,1832.000000
2524.496456,1801.000000
2525.723052,1777.000000
2526.949236,1910.000000
2528.175008,1806.000000
2529.400368,1762.000000
2530.625317,1847.000000
2531.849854,1822.000000
2533.073981,1928.000000
2534.297696,1882.000000
2535.521001,1984.000000
2536.743895,1949.000000
2537.966379,1851.000000
2539.188454,1822.000000
2540.410118,1825.000000
2541.631373,1886.000000
2542.852219,1785.000000
2544.072656,1855.000000
2545.292684,1990.000000
2546.512304,1897.000000
2547.731515,1932.000000
2548.950318,1838.000000
2550.168713,1989.000000
2551.386701,1889.000000
2552.604281,1907.000000
2553.821454,1906.000000
2555.038220,1980.000000
2556.254579,1889.000000
2557.470532,1996.000000
2558.686078,1891.000000
2559.901219,1889.000000
2561.115953,2041.000000
2562.330282,1950.000000
2563.544206,1991.000000
2564.757725,1970.000000
2565.970838,1922.000000
2567.183547,1978.000000
2568.395852,1896.000000
2569.607752,1995.000000
2570.819248,1981.000000
2572.030340,1929.000000
2573.241029,1851.000000
2574.451315,1942.000000
2575.661197,1992.000000
2576.870677,2054.000000
2578.079754,2196.000000
2579.288428,2098.000000
2580.496700,1930.000000
2581.704570,2168.000000
2582.912039,2102.000000
2584.119106,2082.000000
2585.325771,2110.000000
2586.532036,2137.000000
2587.737900,2086.000000
2588.943363,1970.000000
2590.148425,2149.000000
2591.353088,2003.000000
2592.557350,2137.000000
2593.761213,2134.000000
2594.964676,2048.000000
2596.167740,2124.000000
2597.370405,2122.000000
2598.572670,2143.000000
2599.774538,2239.000000
2600.976007,1977.000000
2602.177077,1962.000000
2603.377750,2092.000000
2604.578025,2294.000000
2605.777902,2307.000000
2606.977382,2176.000000
2608.176465,2173.000000
2609.375152,2242.000000
2610.573441,2274.000000
2611.771334,2186.000000
2612.968831,2169.000000
2614.165932,2157.000000
2615.362637,2285.000000
2616.558947,2264.000000
2617.754861,2268.000000
2618.950380,2102.000000
2620.145504,2155.000000
2621.340234,2260.000000
2622.534569,2343.000000
2623.728510,2138.000000
2624.922057,2321.000000
2626.115210,2317.000000
2627.307970,2252.000000
2628.500336,2111.000000
2629.692309,2162.000000
2630.883889,2138.000000
2632.075077,2337.000000
2633.265872,2217.000000
2634.456275,2234.000000
2635.646285,2263.000000
2636.835904,2087.000000
2638.025132,2170.000000
2639.213968,2250.000000
2640.402412,2230.000000
2641.590466,2283.000000
2642.778129,2223.000000
2643.965402,2362.000000
2645.152284,2298.000000
2646.338776,2388.000000
2647.524878,2305.000000
2648.710591,2297.000000
2649.895914,2362.000000
2651.080848,2320.000000
2652.265393,2367.000000
2653.449549,2190.000000
2654.633317,2371.000000
2655.816696,2452.000000
2656.999687,2283.000000
2658.182290,2408.000000
2659.364505,2334.000000
2660.546333,2246.000000
2661.727774,2259.000000
2662.908827,2304.000000
2664.089494,2366.000000
2665.269774,2259.000000
2666.449667,2340.000000
2667.629175,2367.000000
2668.808296,2483.000000
2669.987032,2573.000000
2671.165382,2441.000000
2672.343346,2406.000000
2673.520926,2504.000000
2674.698120,2406.000000
2675.874930,2536.000000
2677.051355,2604.000000
2678.227396,2504.000000
2679.403053,2361.000000
2680.578326,2573.000000
2681.753216,2372.000000
2682.927722,2402.000000
2684.101844,2457.000000
2685.275584,2444.000000
2686.448941,2396.000000
2687.621915,2538.000000
2688.794507,2425.000000
2689.966716,2536.000000
2691.138544,2557.000000
2692.309990,2529.000000
2693.481054,2483.000000
2694.651737,2519.000000
2695.822039,2599.000000
2696.991960,2548.000000
2698.161500,2602.000000
2699.330660,2626.000000
2700.499439,2691.000000
2701.667839,2551.000000
2702.835858,2477.000000
2704.003498,2595.000000
2705.170758,2466.000000
2706.337639,2637.000000
2707.504142,2629.000000
2708.670265,2563.000000
2709.836009,2738.000000
2711.001376,2669.000000
2712.166364,2567.000000
2713.330974,2683.000000
2714.495206,2798.000000
2715.659061,2643.000000
2716.822538,2788.000000
2717.985638,2705.000000
2719.148361,2640.000000
2720.310708,2694.000000
2721.472678,2684.000000
2722.634271,2717.000000
2723.795489,2678.000000
2724.956330,2573.000000
2726.116796,2764.000000
2727.276886,2868.000000
2728.436601,2846.000000
2729.595941,2671.000000
2730.754906,2699.000000
2731.913497,2779.000000
2733.071713,2815.000000
2734.229554,2706.000000
2735.387022,2472.000000
2736.544115,2906.000000
2737.700835,2785.000000
2738.857182,2814.000000
2740.013155,2789.000000
2741.168756,2866.000000
2742.323983,2763.000000
2743.478838,2737.000000
2744.633321,2809.000000
2745.787431,2895.000000
2746.941169,2801.000000
2748.094535,2656.000000
2749.247530,2935.000000
2750.400154,2840.000000
2751.552406,2830.000000
2752.704287,2727.000000
2753.855797,2839.000000
2755.006937,2985.000000
2756.157707,2818.000000
2757.308106,2859.000000
2758.458135,2930.000000
2759.607795,2815.000000
2760.757085,2794.000000
2761.906005,2864.000000
2763.054557,2825.000000
2764.202739,2848.000000
2765.350553,2803.000000
2766.497998,2864.000000
2767.645074,2792.000000
2768.791783,2911.000000
2769.938124,2899.000000
2771.084097,2737.000000
2772.229702,2812.000000
2773.374940,2954.000000
2774.519811,2890.000000
2775.664314,2930.000000
2776.808452,2805.000000
2777.952222,2848.000000
2779.095626,2955.000000
2780.238664,2772.000000
2781.381337,3072.000000
2782.523643,2888.000000
2783.665584,2930.000000
2784.807159,3043.000000
2785.948369,3009.000000
2787.089215,3045.000000
2788.229695,2966.000000
2789.369812,2967.000000
2790.509563,3067.000000
2791.648951,2925.000000
2792.787974,3097.000000
2793.926634,2916.000000
2795.064931,2860.000000
2796.202864,2916.000000
2797.340433,3004.000000
2798.477640,3081.000000
2799.614484,3018.000000
2800.750966,3119.000000
2801.887085,2981.000000
2803.022842,3026.000000
2804.158237,2979.000000
2805.293270,3086.000000
2806.427942,3061.000000
2807.562252,3128.000000
2808.696201,3005.000000
2809.829789,3175.000000
2810.963016,3093.000000
2812.095883,3102.000000
2813.228389,3053.000000
2814.360535,3199.000000
2815.492322,3040.000000
2816.623748,3048.000000
2817.754815,3154.000000
2818.885522,3060.000000
2820.015870,3145.000000
2821.145859,3118.000000
2822.275489,2979.000000
2823.404761,3149.000000
2824.533674,3187.000000
2825.662229,3289.000000
2826.790426,3061.000000
2827.918265,3261.000000
2829.045746,3463.000000
2830.172870,3139.000000
2831.299637,3231.000000
2832.426046,3146.000000
2833.552099,3232.000000
2834.677795,3021.000000
2835.803134,3250.000000
2836.928117,3014.000000
2838.052745,3370.000000
2839.177016,3186.000000
2840.300931,3144.000000
2841.424491,3276.000000
2842.547696,3129.000000
2843.670545,3269.000000
2844.793040,3200.000000
2845.915180,3150.000000
2847.036965,3146.000000
2848.158396,3246.000000
2849.279472,3451.000000
2850.400195,3330.000000
2851.520564,3231.000000
2852.640579,3170.000000
2853.760241,3259.000000
2854.879550,3243.000000
2855.998506,3192.000000
2857.117108,3275.000000
2858.235359,3273.000000
2859.353256,3262.000000
2860.470802,3284.000000
2861.587995,3265.000000
2862.704837,3177.000000
2863.821327,3405.000000
2864.937465,3241.000000
2866.053252,3299.000000
2867.168688,3200.000000
2868.283774,3205.000000
2869.398508,3343.000000
2870.512892,3312.000000
2871.626925,3133.000000
2872.740608,3101.000000
2873.853942,3264.000000
2874.966925,3365.000000
2876.079559,3310.000000
2877.191844,3382.000000
2878.303779,3306.000000
2879.415366,3209.000000
2880.526603,3347.000000
2881.637492,3324.000000
2882.748032,3320.000000
2883.858224,3428.000000
2884.968069,3327.000000
2886.077565,3250.000000
2887.186713,3278.000000
2888.295514,3276.000000
2889.403968,3242.000000
2890.512074,3306.000000
2891.619834,3324.000000
2892.727246,3437.000000
2893.834313,3364.000000
2894.941032,3255.000000
2896.047406,3170.000000
2897.153434,3361.000000
2898.259115,3344.000000
2899.364451,3413.000000
2900.469442,3297.000000
2901.574088,3300.000000
2902.678388,3282.000000
2903.782343,3547.000000
2904.885954,3448.000000
2905.989220,3239.000000
2907.092142,3378.000000
2908.194720,3373.000000
2909.296954,3452.000000
2910.398844,3391.000000
2911.500390,3344.000000
2912.601593,3365.000000
2913.702453,3446.000000
2914.802969,3566.000000
2915.903143,3391.000000
2917.002974,3536.000000
2918.102463,3500.000000
2919.201610,3571.000000
2920.300414,3657.000000
2921.398876,3627.000000
2922.496997,3426.000000
2923.594776,3612.000000
2924.692214,3448.000000
2925.789310,3480.000000
2926.886066,3678.000000
2927.982481,3645.000000
2929.078555,3429.000000
2930.174288,3694.000000
2931.269682,3570.000000
2932.364735,3537.000000
2933.459448,3532.000000
2934.553822,3378.000000
2935.647856,3574.000000
2936.741551,3605.000000
2937.834906,3587.000000
2938.927923,3660.000000
2940.020601,3654.000000
2941.112940,3551.000000
2942.204940,3760.000000
2943.296603,3568.000000
2944.387927,3680.000000
2945.478914,3586.000000
2946.569562,3548.000000
2947.659874,3591.000000
2948.749847,3510.000000
2949.839484,3573.000000
2950.928784,3638.000000
2952.017747,3616.000000
2953.106373,3672.000000
2954.194663,3471.000000
2955.282616,3659.000000
2956.370234,3675.000000
2957.457515,3521.000000
2958.544461,3436.000000
2959.631071,3784.000000
2960.717346,3768.000000
2961.803286,3704.000000
2962.888891,3845.000000
2963.974161,3598.000000
2965.059096,3746.000000
2966.143697,3524.000000
2967.227963,3665.000000
2968.311896,3557.000000
2969.395494,3557.000000
2970.478759,3624.000000
2971.561690,3824.000000
2972.644288,3693.000000
2973.726553,3763.000000
2974.808484,3855.000000
2975.890083,3683.000000
2976.971349,3688.000000
2978.052282,3703.000000
2979.132884,3616.000000
2980.213153,3857.000000
2981.293090,3841.000000
2982.372695,3666.000000
2983.451969,3742.000000
2984.530911,3851.000000
2985.609522,3648.000000
2986.687802,3468.000000
2987.765751,3817.000000
2988.843370,3650.000000
2989.920658,3824.000000
2990.997615,3769.000000
2992.074243,3782.000000
2993.150540,3758.000000
2994.226507,3822.000000
2995.302145,3773.000000
2996.377453,3886.000000
2997.452432,3571.000000
2998.527082,3782.000000
2999.601403,3943.000000
3000.675396,3782.000000
3001.749059,3728.000000
3002.822394,3862.000000
3003.895401,3727.000000
3004.968080,3756.000000
3006.040431,3830.000000
3007.112454,3949.000000
3008.184150,3873.000000
3009.255518,3856.000000
3010.326559,3702.000000
3011.397273,3904.000000
3012.467661,4002.000000
3013.537721,3762.000000
3014.607455,3954.000000
3015.676863,3998.000000
3016.745945,3780.000000
3017.814700,3943.000000
3018.883130,3857.000000
3019.951235,3826.000000
3021.019013,3998.000000
3022.086467,3884.000000
3023.153595,3834.000000
3024.220399,3829.000000
3025.286877,3926.000000
3026.353032,3784.000000
3027.418861,3895.000000
3028.484367,3853.000000
3029.549548,3799.000000
3030.614406,3954.000000
3031.678940,3841.000000
3032.743150,4001.000000
3033.807037,3891.000000
3034.870601,3995.000000
3035.933841,3942.000000
3036.996759,3927.000000
3038.059354,3791.000000
3039.121627,4029.000000
3040.183577,3956.000000
3041.245205,4019.000000
3042.306512,3793.000000
3043.367496,3985.000000
3044.428159,3832.000000
3045.488500,3952.000000
3046.548520,4130.000000
3047.608218,4097.000000
3048.667596,4103.000000
3049.726653,3849.000000
3050.785390,4013.000000
3051.843805,3945.000000
3052.901901,4215.000000
3053.959677,4046.000000
3055.017132,3968.000000
3056.074268,4156.000000
3057.131084,4028.000000
3058.187581,4093.000000
3059.243758,3805.000000
3060.299617,3982.000000
3061.355156,4062.000000
3062.410377,3954.000000
3063.465279,3977.000000
3064.519863,3998.000000
3065.574128,3975.000000
3066.628076,3985.000000
3067.681705,3960.000000
3068.735017,3807.000000
3069.788011,3975.000000
3070.840688,3872.000000
3071.893048,3986.000000
3072.945090,3835.000000
3073.996816,4045.000000
3075.048225,4017.000000
3076.099317,4080.000000
3077.150093,3838.000000
3078.200553,3821.000000
3079.250697,3794.000000
3080.300524,3825.000000
3081.350037,4041.000000
3082.399233,4059.000000
3083.448114,4107.000000
3084.496680,3934.000000
3085.544931,3809.000000
3086.592867,3994.000000
3087.640488,4075.000000
3088.687795,4018.000000
3089.734788,3941.000000
3090.781466,3964.000000
3091.827830,3985.000000
3092.873880,3874.000000
3093.919617,3935.000000
3094.965040,4037.000000
3096.010149,4034.000000
3097.054946,4051.000000
3098.099429,4088.000000
3099.143600,3997.000000
3100.187457,3952.000000
3101.231003,3931.000000
3102.274235,4177.000000
3103.317156,4121.000000
3104.359765,3994.000000
3105.402061,4097.000000
3106.444046,4041.000000
3107.485720,4002.000000
3108.527082,3986.000000
3109.568132,4095.000000
3110.608872,4185.000000
3111.649301,4124.000000
3112.689419,3977.000000
3113.729227,4053.000000
3114.768724,4088.000000
3115.807911,4023.000000
3116.846787,4034.000000
3117.885354,3980.000000
3118.923611,3893.000000
3119.961559,4097.000000
3120.999197,4219.000000
3122.036526,4081.000000
3123.073546,4168.000000
3124.110257,4060.000000
3125.146659,3914.000000
3126.182752,3950.000000
3127.218537,4163.000000
3128.254014,3997.000000
3129.289183,3972.000000
3130.324044,4257.000000
3131.358596,3972.000000
3132.392842,4086.000000
3133.426780,3978.000000
3134.460410,4018.000000
3135.493734,4083.000000
3136.526750,3991.000000
3137.559460,4168.000000
3138.591863,4098.000000
3139.623959,4004.000000
3140.655749,4006.000000
3141.687233,3966.000000
3142.718411,4094.000000
3143.749283,4130.000000
3144.779850,4037.000000
3145.810111,4062.000000
3146.840066,4126.000000
3147.869717,4009.000000
3148.899062,4136.000000
3149.928103,4100.000000
3150.956838,3935.000000
3151.985270,4142.000000
3153.013397,4109.000000
3154.041219,4146.000000
3155.068738,4121.000000
3156.095952,3793.000000
3157.122863,4073.000000
3158.149470,3905.000000
3159.175774,4124.000000
3160.201775,3938.000000
3161.227472,4045.000000
3162.252867,3963.000000
3163.277958,4071.000000
3164.302748,4166.000000
3165.327234,4017.000000
3166.351418,3851.000000
3167.375301,4052.000000
3168.398881,3890.000000
3169.422159,4239.000000
3170.445136,4094.000000
3171.467811,4191.000000
3172.490185,3887.000000
3173.512257,4062.000000
3174.534029,4048.000000
3175.555499,4096.000000
3176.576669,4008.000000
3177.597539,4239.000000
3178.618108,4046.000000
3179.638376,4126.000000
3180.658345,4145.000000
3181.678014,4128.000000
3182.697382,3974.000000
3183.716452,3989.000000
3184.735221,4015.000000
3185.753692,4144.000000
3186.771863,4153.000000
3187.789736,4043.000000
3188.807309,4134.000000
3189.824584,4051.000000
3190.841560,4088.000000
3191.858238,4107.000000
3192.874618,4010.000000
3193.890700,4003.000000
3194.906484,3870.000000
3195.921970,4235.000000
3196.937158,4159.000000
3197.952049,4013.000000
3198.966643,4181.000000
3199.980940,4041.000000
3200.994940,3899.000000
3202.008643,4078.000000
3203.022049,3886.000000
3204.035159,4028.000000
3205.047972,3927.000000
3206.060490,3829.000000
3207.072711,3842.000000
3208.084637,3774.000000
3209.096266,3893.000000
3210.107600,4049.000000
3211.118639,3780.000000
3212.129383,3935.000000
3213.139831,3986.000000
3214.149985,3733.000000
